{"player":[[296,519]],"death":[[5351.9,752.2],[5376.9,752.2],[5401.9,752.2],[5426.9,752.2],[5451.9,752.2],[5476.9,752.2],[5801.9,751.2],[5826.9,751.2],[6026.9,751.2],[5976.9,751.2],[6001.9,751.2],[5751.9,751.2],[5776.9,751.2],[5851.9,776.2],[5851.9,751.2],[5951.9,776.2],[5951.9,751.2]],"box":[[3119,453],[4372,78],[5732.2,86.3],[6841.1,58.9],[6841.1,108.9],[7389.4,52],[7389.4,102]],"finish":[[1258.3,654.2,1,-2.4492127076448e-16],[1258.3,679.2,1,-2.4492127076448e-16],[1258.3,704.2,1,-2.4492127076448e-16],[1258.3,729.2,1,-2.4492127076448e-16],[2551.7,450.5,1,-2.4492127076448e-16],[2551.7,525.5,1,-2.4492127076448e-16],[2551.7,500.5,1,-2.4492127076448e-16],[2551.7,475.5,1,-2.4492127076448e-16],[3802,654,1,-2.4492127076448e-16],[3802,679,1,-2.4492127076448e-16],[3802,704,1,-2.4492127076448e-16],[3802,729,1,-2.4492127076448e-16],[5100,525,1,-2.4492127076448e-16],[5100,450,1,-2.4492127076448e-16],[5100,475,1,-2.4492127076448e-16],[5100,500,1,-2.4492127076448e-16],[6386.1,677.4,1,-2.4492127076448e-16],[6386.1,652.4,1,-2.4492127076448e-16],[6386.1,627.4,1,-2.4492127076448e-16],[6386.1,602.4,1,-2.4492127076448e-16],[7425,0,-1.8369095307336e-16,-1],[7350,0,-1.8369095307336e-16,-1],[7400,0,-1.8369095307336e-16,-1],[7375,0,-1.8369095307336e-16,-1]],"block":[[50,0],[100,0],[150,0],[200,0],[250,0],[300,0],[350,0],[400,0],[450,0],[500,0],[550,0],[600,0],[650,0],[700,0],[750,0],[800,0],[850,0],[900,0],[1050,0],[1100,0],[1150,0],[1200,0],[1150,750],[1100,750],[1050,750],[1000,750],[950,750],[900,750],[850,750],[800,750],[750,750],[700,750],[500,750],[450,750],[400,750],[350,750],[300,750],[250,750],[200,750],[150,750],[100,750],[50,750],[0,750],[0,700],[0,650],[0,600],[0,550],[0,500],[0,450],[0,400],[0,350],[0,300],[0,250],[0,200],[0,150],[0,100],[0,50],[0,0],[950,0],[1000,0],[1256,602],[1256,552],[1256,252],[1256,202],[1256,152],[1256,102],[1256,52],[550,750],[600,750],[650,750],[1256,402],[1256,352],[1256,302],[1256,452],[1256,502],[1256,2],[1300,750],[1200,750],[1250,750],[1950,750],[1900,750],[1850,750],[1700,750],[1650,750],[1600,750],[1550,750],[1500,750],[1450,750],[1400,750],[1350,750],[2100,750],[2150,750],[2200,750],[2250,750],[2300,750],[2000,750],[1406,2],[1456,2],[1506,2],[1556,2],[1606,2],[1656,2],[1706,2],[1756,2],[1806,2],[1856,2],[1906,2],[1956,2],[2006,2],[2056,2],[2106,2],[2156,2],[2206,2],[2256,2],[2306,2],[2356,2],[2406,2],[2456,2],[2506,2],[1306,2],[1356,2],[2550,650],[2550,400],[2550,350],[2550,300],[2550,250],[2550,200],[2550,150],[2550,100],[2550,50],[2550,0],[2550,700],[2400,750],[2350,750],[2550,750],[2450,750],[2500,750],[1750,750],[1800,750],[2050,750],[2550,600],[2500,650],[2500,700],[2450,700],[2450,650],[2400,650],[2400,700],[2350,700],[2350,650],[2300,650],[2300,700],[2250,700],[1750,650],[1750,700],[2450,550],[2500,550],[2400,600],[2500,600],[2450,600],[2550,550],[2600,600],[2600,650],[2600,700],[2600,750],[2650,750],[2700,750],[2750,750],[2800,750],[2850,750],[2900,750],[2950,750],[3000,750],[3050,750],[3100,750],[3150,750],[3300,750],[3350,750],[3400,750],[3450,750],[3500,750],[3550,750],[3600,750],[3650,750],[3700,750],[3750,750],[3800,750],[3800,400],[3800,350],[3800,300],[3800,250],[3800,200],[3800,150],[3800,100],[3800,50],[3750,0],[3700,0],[3650,0],[3600,0],[3550,0],[3500,0],[3450,0],[3400,0],[3350,0],[3300,0],[3250,0],[3200,0],[3150,0],[3100,0],[3050,0],[3000,0],[2950,0],[2900,0],[2850,0],[2800,0],[2750,0],[2700,0],[2650,0],[2600,0],[3200,700],[3200,650],[3200,600],[3200,750],[3250,750],[3800,500],[3800,450],[3800,550],[3800,600],[3900,0],[3950,0],[4000,0],[4050,0],[4100,0],[4150,0],[4200,0],[4250,0],[4450,0],[4500,0],[4700,0],[4750,0],[4800,0],[4850,0],[4900,0],[4950,0],[5050,750],[5000,750],[4950,750],[4900,750],[4850,750],[4800,750],[4650,750],[4600,750],[4550,750],[4500,750],[4450,750],[4400,750],[4350,750],[4300,750],[4250,750],[4200,750],[4150,750],[4100,750],[4050,750],[4000,750],[3950,750],[3900,750],[3850,750],[4700,750],[4750,750],[3800,0],[3850,0],[4400,0],[4300,0],[4350,0],[4300,50],[4300,100],[4300,150],[4350,150],[4400,150],[4450,150],[4450,200],[4550,0],[4600,50],[4600,100],[4600,150],[4600,0],[4650,0],[4600,600],[4600,650],[4600,700],[4600,200],[5150,0],[5200,0],[5250,0],[5300,0],[5350,0],[5400,0],[5450,0],[5500,0],[5550,0],[5600,0],[5750,0],[5800,0],[5850,0],[5900,0],[5950,0],[6000,0],[6050,0],[6100,0],[6150,0],[6200,0],[6250,0],[6300,0],[5600,750],[5550,750],[5500,750],[5250,750],[5200,750],[5150,750],[5100,750],[5100,0],[5100,400],[5100,350],[5100,300],[5100,250],[5100,200],[5100,150],[5100,100],[5100,50],[5050,0],[5000,0],[5100,650],[5100,700],[6300,750],[6350,750],[6350,550],[6350,500],[6350,450],[6350,400],[6350,350],[6350,300],[6350,250],[6350,200],[6350,150],[6350,100],[6350,50],[6350,700],[6400,50],[6400,100],[6400,150],[6400,200],[6400,250],[6400,300],[6400,350],[6400,400],[6400,450],[6400,500],[6400,550],[6400,700],[6400,750],[6450,750],[6200,700],[6150,750],[6200,750],[6250,750],[5650,50],[5650,100],[5650,150],[5700,150],[5750,150],[5800,150],[5650,0],[5700,0],[5700,750],[5650,750],[5050,550],[5050,600],[5050,650],[5050,700],[5100,550],[5100,600],[6300,700],[6250,700],[5300,750],[5351.7,782.9],[5401.7,782.9],[5451.7,782.9],[5751.9,800.3],[5801.9,800.3],[5851.9,800.3],[5901.9,800.3],[5951.9,800.3],[6001.9,800.3],[6051.9,800.3],[6450,0],[6500,0],[6550,0],[6600,0],[6650,0],[6700,0],[6750,0],[6800,0],[6850,0],[6900,0],[6950,0],[7000,0],[7050,0],[7500,0],[7550,0],[7600,0],[7650,0],[7650,50],[7650,100],[7650,150],[7650,200],[7650,250],[7650,300],[7650,350],[7650,400],[7650,450],[7650,500],[7650,550],[7650,600],[7650,650],[7650,700],[7650,750],[7600,750],[7550,750],[7500,750],[7450,750],[7400,750],[7350,750],[7300,750],[7250,750],[7200,750],[7150,750],[7100,750],[7050,750],[7000,750],[6850,750],[6800,750],[6750,750],[6700,750],[6650,750],[6600,750],[6550,750],[6500,750],[6350,0],[6400,0],[6900,700],[6900,650],[6900,600],[6900,550],[6900,500],[6900,750],[6950,750],[6050,750],[6100,750],[6050,700],[6100,700],[6150,700],[7100,0],[7150,0],[7450,0],[7439.4,152],[7439.4,202],[7439.4,252],[7200,0],[7439.4,402],[7439.4,452],[7439.4,352],[7439.4,302],[7439.4,602],[7439.4,552],[7439.4,502],[7439.4,702],[7439.4,652],[7439.4,52],[7439.4,102],[7300,0],[7250,0],[7332.6,52.5],[7332.6,102.5],[7332.6,152.5],[7332.6,202.5],[7332.6,252.5],[7332.6,302.5],[7332.6,352.5],[7332.6,402.5],[7332.6,452.5],[7332.6,502.5]]}